[{"pk": 1, "model": "contenttypes.contenttype", "fields": {"model": "permission", "name": "permission", "app_label": "auth"}}, {"pk": 2, "model": "contenttypes.contenttype", "fields": {"model": "group", "name": "group", "app_label": "auth"}}, {"pk": 3, "model": "contenttypes.contenttype", "fields": {"model": "user", "name": "user", "app_label": "auth"}}, {"pk": 4, "model": "contenttypes.contenttype", "fields": {"model": "contenttype", "name": "content type", "app_label": "contenttypes"}}, {"pk": 5, "model": "contenttypes.contenttype", "fields": {"model": "session", "name": "session", "app_label": "sessions"}}, {"pk": 6, "model": "contenttypes.contenttype", "fields": {"model": "site", "name": "site", "app_label": "sites"}}, {"pk": 7, "model": "contenttypes.contenttype", "fields": {"model": "logentry", "name": "log entry", "app_label": "admin"}}, {"pk": 8, "model": "contenttypes.contenttype", "fields": {"model": "migrationhistory", "name": "migration history", "app_label": "south"}}, {"pk": 9, "model": "contenttypes.contenttype", "fields": {"model": "patient", "name": "patient", "app_label": "nhshd"}}, {"pk": 10, "model": "contenttypes.contenttype", "fields": {"model": "place", "name": "place", "app_label": "nhshd"}}, {"pk": 11, "model": "contenttypes.contenttype", "fields": {"model": "interest", "name": "interest", "app_label": "nhshd"}}, {"pk": 12, "model": "contenttypes.contenttype", "fields": {"model": "symptom", "name": "symptom", "app_label": "nhshd"}}, {"pk": 13, "model": "contenttypes.contenttype", "fields": {"model": "photo", "name": "photo", "app_label": "nhshd"}}, {"pk": 14, "model": "contenttypes.contenttype", "fields": {"model": "healthcarelocation", "name": "healthcare location", "app_label": "nhshd"}}, {"pk": 15, "model": "contenttypes.contenttype", "fields": {"model": "condition", "name": "condition", "app_label": "nhshd"}}, {"pk": 16, "model": "contenttypes.contenttype", "fields": {"model": "message", "name": "message", "app_label": "nhshd"}}, {"pk": "7tanmpavkd696ic7533n850ywr3da34w", "model": "sessions.session", "fields": {"expire_date": "2013-06-09T09:51:24.524", "session_data": "NDVhYWI0ZWNhYTFlNjA1NDA4OTYxZjcxOWJiZmNmZmFmNzJkZmIyMTqAAn1xAShVEl9hdXRoX3VzZXJfYmFja2VuZHECVSlkamFuZ28uY29udHJpYi5hdXRoLmJhY2tlbmRzLk1vZGVsQmFja2VuZHEDVQ1fYXV0aF91c2VyX2lkcQRLBHUu"}}, {"pk": "92mqs0wif7irfjta9k2f4eiah9viibjf", "model": "sessions.session", "fields": {"expire_date": "2013-06-08T16:36:59.806", "session_data": "ODYzYjYxMmJhMzc5MDVhZmM2NjczMjVmOWMwZGYzZGFiOTBjNjI5NDqAAn1xAVgKAAAAdGVzdGNvb2tpZXECWAYAAAB3b3JrZWRxA3Mu"}}, {"pk": "blqif7rr6y0xi357qnz92cc4jbik9myn", "model": "sessions.session", "fields": {"expire_date": "2013-06-08T15:53:02.826", "session_data": "ZTUxNmU4ZjNiNWU1MWJhMGFjNTMxYWIwN2RhNjAwYTVlYmM2MGQwMTqAAn1xAShVEl9hdXRoX3VzZXJfYmFja2VuZHECVSlkamFuZ28uY29udHJpYi5hdXRoLmJhY2tlbmRzLk1vZGVsQmFja2VuZHEDVQ1fYXV0aF91c2VyX2lkcQRLAXUu"}}, {"pk": "i8r8bebdydbruydo2vd0shr576zx6ld1", "model": "sessions.session", "fields": {"expire_date": "2013-06-08T16:11:26.450", "session_data": "NDVhYWI0ZWNhYTFlNjA1NDA4OTYxZjcxOWJiZmNmZmFmNzJkZmIyMTqAAn1xAShVEl9hdXRoX3VzZXJfYmFja2VuZHECVSlkamFuZ28uY29udHJpYi5hdXRoLmJhY2tlbmRzLk1vZGVsQmFja2VuZHEDVQ1fYXV0aF91c2VyX2lkcQRLBHUu"}}, {"pk": "kczvauvsxk7mgwk0tjthnyueksqwyfiy", "model": "sessions.session", "fields": {"expire_date": "2013-06-08T17:04:25.859", "session_data": "YTU0Mjk1YjAxY2U3Njc5Yjg4ODhhNmNiODc1MTc2Yzg2NDJkOWQ0NTqAAn1xAShVEl9hdXRoX3VzZXJfYmFja2VuZHECVSlkamFuZ28uY29udHJpYi5hdXRoLmJhY2tlbmRzLk1vZGVsQmFja2VuZHEDVQ1fYXV0aF91c2VyX2lkcQRLCHUu"}}, {"pk": "nrc78gi8bpo4q71qr46e19jlwv24s8h5", "model": "sessions.session", "fields": {"expire_date": "2013-06-08T15:43:09.481", "session_data": "MzBmMWExYjk3ZjA3OWNmYTZjYjM1OWRmYzI0MmI0MzlkMzAzZjg2NDqAAn1xAVgKAAAAdGVzdGNvb2tpZVgGAAAAd29ya2VkcQJzLg=="}}, {"pk": "p02rztumpd05bvf01bqfl9ezrvd7hlj6", "model": "sessions.session", "fields": {"expire_date": "2013-06-08T15:35:48.856", "session_data": "ZTUxNmU4ZjNiNWU1MWJhMGFjNTMxYWIwN2RhNjAwYTVlYmM2MGQwMTqAAn1xAShVEl9hdXRoX3VzZXJfYmFja2VuZHECVSlkamFuZ28uY29udHJpYi5hdXRoLmJhY2tlbmRzLk1vZGVsQmFja2VuZHEDVQ1fYXV0aF91c2VyX2lkcQRLAXUu"}}, {"pk": "ptfqc6cxmoblyppcjtxmmcl49u8cfg23", "model": "sessions.session", "fields": {"expire_date": "2013-06-08T16:05:14.751", "session_data": "YmJiMGM2YjAzZjBmZjFhMWZjMjM1MDgwMjYwOTYzYmU0MWYyYzdiYjqAAn1xAShVEl9hdXRoX3VzZXJfYmFja2VuZHECVSlkamFuZ28uY29udHJpYi5hdXRoLmJhY2tlbmRzLk1vZGVsQmFja2VuZHEDVQ1fYXV0aF91c2VyX2lkcQRLAnUu"}}, {"pk": "qi18y5x9x5lscor6cb965fbihsqpzv2n", "model": "sessions.session", "fields": {"expire_date": "2013-06-08T15:52:56.586", "session_data": "ZTUxNmU4ZjNiNWU1MWJhMGFjNTMxYWIwN2RhNjAwYTVlYmM2MGQwMTqAAn1xAShVEl9hdXRoX3VzZXJfYmFja2VuZHECVSlkamFuZ28uY29udHJpYi5hdXRoLmJhY2tlbmRzLk1vZGVsQmFja2VuZHEDVQ1fYXV0aF91c2VyX2lkcQRLAXUu"}}, {"pk": "t8rh20vlxg5iugret5hl88sfm5jfeuz6", "model": "sessions.session", "fields": {"expire_date": "2013-06-08T16:21:24.613", "session_data": "ODM1MDcwMmE0ZjE2MzgwNzkxMDgxOWVjMGFhYzIzMzNiNGNhNjdkYjqAAn1xAShVEl9hdXRoX3VzZXJfYmFja2VuZHECVSlkamFuZ28uY29udHJpYi5hdXRoLmJhY2tlbmRzLk1vZGVsQmFja2VuZHEDVQ1fYXV0aF91c2VyX2lkcQRLB3Uu"}}, {"pk": "y06wc3uto2pqn0pet27qi742x141in6b", "model": "sessions.session", "fields": {"expire_date": "2013-06-08T15:36:58.003", "session_data": "YmJiMGM2YjAzZjBmZjFhMWZjMjM1MDgwMjYwOTYzYmU0MWYyYzdiYjqAAn1xAShVEl9hdXRoX3VzZXJfYmFja2VuZHECVSlkamFuZ28uY29udHJpYi5hdXRoLmJhY2tlbmRzLk1vZGVsQmFja2VuZHEDVQ1fYXV0aF91c2VyX2lkcQRLAnUu"}}, {"pk": 1, "model": "sites.site", "fields": {"domain": "example.com", "name": "example.com"}}, {"pk": 1, "model": "nhshd.place", "fields": {"name": "London", "location": "London"}}, {"pk": 2, "model": "nhshd.place", "fields": {"name": "Manchester", "location": "England"}}, {"pk": 1, "model": "nhshd.healthcarelocation", "fields": {"name": "Manchester Royal Infirmary"}}, {"pk": 2, "model": "nhshd.healthcarelocation", "fields": {"name": "John Radcliffe Hospital"}}, {"pk": 1, "model": "nhshd.interest", "fields": {"name": "cooking"}}, {"pk": 2, "model": "nhshd.interest", "fields": {"name": "cycling"}}, {"pk": 3, "model": "nhshd.interest", "fields": {"name": "cats"}}, {"pk": 4, "model": "nhshd.interest", "fields": {"name": "astronomy"}}, {"pk": 1, "model": "nhshd.symptom", "fields": {"name": "chest pain"}}, {"pk": 2, "model": "nhshd.symptom", "fields": {"name": "shortness of breath"}}, {"pk": 3, "model": "nhshd.symptom", "fields": {"name": "fatigue"}}, {"pk": 4, "model": "nhshd.symptom", "fields": {"name": "anxiety"}}, {"pk": 5, "model": "nhshd.symptom", "fields": {"name": "pain"}}, {"pk": 6, "model": "nhshd.symptom", "fields": {"name": "headache"}}, {"pk": 7, "model": "nhshd.symptom", "fields": {"name": "blurred vision"}}, {"pk": 1, "model": "nhshd.condition", "fields": {"name": "Diverticulitis"}}, {"pk": 2, "model": "nhshd.condition", "fields": {"name": "Prostatic hypertrophy"}}, {"pk": 3, "model": "nhshd.condition", "fields": {"name": "Diverticulitis"}}, {"pk": 1, "model": "south.migrationhistory", "fields": {"applied": "2013-05-25T15:36:09.130", "app_name": "nhshd", "migration": "0001_initial"}}, {"pk": 2, "model": "south.migrationhistory", "fields": {"applied": "2013-05-25T16:03:10.874", "app_name": "nhshd", "migration": "0002_auto__add_condition__add_healthcarelocation__add_field_patient_primary"}}, {"pk": 3, "model": "south.migrationhistory", "fields": {"applied": "2013-05-25T16:52:38.048", "app_name": "nhshd", "migration": "0003_add_blank_defaults"}}, {"pk": 4, "model": "south.migrationhistory", "fields": {"applied": "2013-05-25T16:53:52.575", "app_name": "nhshd", "migration": "0004_auto__chg_field_patient_interets__chg_field_patient_music__chg_field_p"}}, {"pk": 5, "model": "south.migrationhistory", "fields": {"applied": "2013-05-26T10:13:40.468", "app_name": "nhshd", "migration": "0005_auto__add_message"}}, {"pk": 1, "model": "auth.permission", "fields": {"codename": "add_permission", "name": "Can add permission", "content_type": 1}}, {"pk": 2, "model": "auth.permission", "fields": {"codename": "change_permission", "name": "Can change permission", "content_type": 1}}, {"pk": 3, "model": "auth.permission", "fields": {"codename": "delete_permission", "name": "Can delete permission", "content_type": 1}}, {"pk": 4, "model": "auth.permission", "fields": {"codename": "add_group", "name": "Can add group", "content_type": 2}}, {"pk": 5, "model": "auth.permission", "fields": {"codename": "change_group", "name": "Can change group", "content_type": 2}}, {"pk": 6, "model": "auth.permission", "fields": {"codename": "delete_group", "name": "Can delete group", "content_type": 2}}, {"pk": 7, "model": "auth.permission", "fields": {"codename": "add_user", "name": "Can add user", "content_type": 3}}, {"pk": 8, "model": "auth.permission", "fields": {"codename": "change_user", "name": "Can change user", "content_type": 3}}, {"pk": 9, "model": "auth.permission", "fields": {"codename": "delete_user", "name": "Can delete user", "content_type": 3}}, {"pk": 10, "model": "auth.permission", "fields": {"codename": "add_contenttype", "name": "Can add content type", "content_type": 4}}, {"pk": 11, "model": "auth.permission", "fields": {"codename": "change_contenttype", "name": "Can change content type", "content_type": 4}}, {"pk": 12, "model": "auth.permission", "fields": {"codename": "delete_contenttype", "name": "Can delete content type", "content_type": 4}}, {"pk": 13, "model": "auth.permission", "fields": {"codename": "add_session", "name": "Can add session", "content_type": 5}}, {"pk": 14, "model": "auth.permission", "fields": {"codename": "change_session", "name": "Can change session", "content_type": 5}}, {"pk": 15, "model": "auth.permission", "fields": {"codename": "delete_session", "name": "Can delete session", "content_type": 5}}, {"pk": 16, "model": "auth.permission", "fields": {"codename": "add_site", "name": "Can add site", "content_type": 6}}, {"pk": 17, "model": "auth.permission", "fields": {"codename": "change_site", "name": "Can change site", "content_type": 6}}, {"pk": 18, "model": "auth.permission", "fields": {"codename": "delete_site", "name": "Can delete site", "content_type": 6}}, {"pk": 19, "model": "auth.permission", "fields": {"codename": "add_logentry", "name": "Can add log entry", "content_type": 7}}, {"pk": 20, "model": "auth.permission", "fields": {"codename": "change_logentry", "name": "Can change log entry", "content_type": 7}}, {"pk": 21, "model": "auth.permission", "fields": {"codename": "delete_logentry", "name": "Can delete log entry", "content_type": 7}}, {"pk": 22, "model": "auth.permission", "fields": {"codename": "add_migrationhistory", "name": "Can add migration history", "content_type": 8}}, {"pk": 23, "model": "auth.permission", "fields": {"codename": "change_migrationhistory", "name": "Can change migration history", "content_type": 8}}, {"pk": 24, "model": "auth.permission", "fields": {"codename": "delete_migrationhistory", "name": "Can delete migration history", "content_type": 8}}, {"pk": 25, "model": "auth.permission", "fields": {"codename": "add_patient", "name": "Can add patient", "content_type": 9}}, {"pk": 26, "model": "auth.permission", "fields": {"codename": "change_patient", "name": "Can change patient", "content_type": 9}}, {"pk": 27, "model": "auth.permission", "fields": {"codename": "delete_patient", "name": "Can delete patient", "content_type": 9}}, {"pk": 28, "model": "auth.permission", "fields": {"codename": "add_place", "name": "Can add place", "content_type": 10}}, {"pk": 29, "model": "auth.permission", "fields": {"codename": "change_place", "name": "Can change place", "content_type": 10}}, {"pk": 30, "model": "auth.permission", "fields": {"codename": "delete_place", "name": "Can delete place", "content_type": 10}}, {"pk": 31, "model": "auth.permission", "fields": {"codename": "add_interest", "name": "Can add interest", "content_type": 11}}, {"pk": 32, "model": "auth.permission", "fields": {"codename": "change_interest", "name": "Can change interest", "content_type": 11}}, {"pk": 33, "model": "auth.permission", "fields": {"codename": "delete_interest", "name": "Can delete interest", "content_type": 11}}, {"pk": 34, "model": "auth.permission", "fields": {"codename": "add_symptom", "name": "Can add symptom", "content_type": 12}}, {"pk": 35, "model": "auth.permission", "fields": {"codename": "change_symptom", "name": "Can change symptom", "content_type": 12}}, {"pk": 36, "model": "auth.permission", "fields": {"codename": "delete_symptom", "name": "Can delete symptom", "content_type": 12}}, {"pk": 37, "model": "auth.permission", "fields": {"codename": "add_photo", "name": "Can add photo", "content_type": 13}}, {"pk": 38, "model": "auth.permission", "fields": {"codename": "change_photo", "name": "Can change photo", "content_type": 13}}, {"pk": 39, "model": "auth.permission", "fields": {"codename": "delete_photo", "name": "Can delete photo", "content_type": 13}}, {"pk": 40, "model": "auth.permission", "fields": {"codename": "add_healthcarelocation", "name": "Can add healthcare location", "content_type": 14}}, {"pk": 41, "model": "auth.permission", "fields": {"codename": "change_healthcarelocation", "name": "Can change healthcare location", "content_type": 14}}, {"pk": 42, "model": "auth.permission", "fields": {"codename": "delete_healthcarelocation", "name": "Can delete healthcare location", "content_type": 14}}, {"pk": 43, "model": "auth.permission", "fields": {"codename": "add_condition", "name": "Can add condition", "content_type": 15}}, {"pk": 44, "model": "auth.permission", "fields": {"codename": "change_condition", "name": "Can change condition", "content_type": 15}}, {"pk": 45, "model": "auth.permission", "fields": {"codename": "delete_condition", "name": "Can delete condition", "content_type": 15}}, {"pk": 46, "model": "auth.permission", "fields": {"codename": "add_message", "name": "Can add message", "content_type": 16}}, {"pk": 47, "model": "auth.permission", "fields": {"codename": "change_message", "name": "Can change message", "content_type": 16}}, {"pk": 48, "model": "auth.permission", "fields": {"codename": "delete_message", "name": "Can delete message", "content_type": 16}}, {"pk": 1, "model": "auth.user", "fields": {"username": "alexs", "first_name": "", "last_name": "", "is_active": true, "is_superuser": true, "is_staff": true, "last_login": "2013-05-25T15:53:02.807", "groups": [], "user_permissions": [], "password": "pbkdf2_sha256$10000$ceTu89AYeYtP$eSwGQnHyhT7HN410oflnd8nf/1jwgcN1NVqBWdxgmGU=", "email": "", "date_joined": "2013-05-25T15:35:25.551"}}, {"pk": 2, "model": "auth.user", "fields": {"username": "laura", "first_name": "", "last_name": "", "is_active": true, "is_superuser": true, "is_staff": true, "last_login": "2013-05-25T16:05:14.709", "groups": [], "user_permissions": [], "password": "pbkdf2_sha256$10000$RyO8rMbFA4DE$Dn/0tYJvQuWm2eEIIfX1lFn++f8qbJdw25QzODRUwvA=", "email": "", "date_joined": "2013-05-25T15:35:36.407"}}, {"pk": 3, "model": "auth.user", "fields": {"username": "brokenheart", "first_name": "", "last_name": "", "is_active": true, "is_superuser": false, "is_staff": false, "last_login": "2013-05-25T15:38:14.756", "groups": [], "user_permissions": [], "password": "pbkdf2_sha256$10000$24ro8Dj2YCfq$Z6KhITlk9B/BCoZpZrGecmRwCaR7zxcS3GH0KI9ZfdY=", "email": "", "date_joined": "2013-05-25T15:38:14.756"}}, {"pk": 4, "model": "auth.user", "fields": {"username": "nick", "first_name": "", "last_name": "", "is_active": true, "is_superuser": true, "is_staff": true, "last_login": "2013-05-26T09:51:24.510", "groups": [], "user_permissions": [], "password": "pbkdf2_sha256$10000$e9zsCpvupuoN$c0DlkCha39zvdehJ98+YwbFhvOTjxT8LWQZ5bF3wu5E=", "email": "", "date_joined": "2013-05-25T15:46:59.469"}}, {"pk": 5, "model": "auth.user", "fields": {"username": "headache_girl", "first_name": "", "last_name": "", "is_active": true, "is_superuser": false, "is_staff": false, "last_login": "2013-05-25T15:58:27.113", "groups": [], "user_permissions": [], "password": "pbkdf2_sha256$10000$Gklkmgws3wmp$GmnhUTyTBLGXbZprPn+7g6IUnytC8Jtb4jODcpZsJdk=", "email": "", "date_joined": "2013-05-25T15:58:27.113"}}, {"pk": 6, "model": "auth.user", "fields": {"username": "Bob1971", "first_name": "", "last_name": "", "is_active": true, "is_superuser": false, "is_staff": false, "last_login": "2013-05-25T16:13:07.985", "groups": [], "user_permissions": [], "password": "pbkdf2_sha256$10000$covMdNzlk2c1$9/eNrT7x5qLpIGcoh3berngSPyxc0yKN1+2ZzbaQnMQ=", "email": "", "date_joined": "2013-05-25T16:13:07.985"}}, {"pk": 7, "model": "auth.user", "fields": {"username": "matt", "first_name": "", "last_name": "", "is_active": true, "is_superuser": true, "is_staff": true, "last_login": "2013-05-25T16:21:20.109", "groups": [], "user_permissions": [], "password": "pbkdf2_sha256$10000$bLTc430gffxD$V3iGLrNFTYt/G2bOz0xe56O2JAy+qUZ2WyP9KMReIHY=", "email": "", "date_joined": "2013-05-25T16:24:18.299"}}, {"pk": 8, "model": "auth.user", "fields": {"username": "didlix", "first_name": "", "last_name": "", "is_active": true, "is_superuser": true, "is_staff": true, "last_login": "2013-05-25T17:04:25.836", "groups": [], "user_permissions": [], "password": "pbkdf2_sha256$10000$vRfiK4vdSTvl$KBVcd62SScQ6rnEN1oTrVO7hQpFsHQCiW3du9E/+XN4=", "email": "", "date_joined": "2013-05-25T17:01:38.261"}}, {"pk": 1, "model": "admin.logentry", "fields": {"action_flag": 1, "action_time": "2013-05-25T15:38:14.922", "object_repr": "brokenheart", "object_id": "3", "change_message": "", "user": 2, "content_type": 3}}, {"pk": 2, "model": "admin.logentry", "fields": {"action_flag": 1, "action_time": "2013-05-25T15:38:50.395", "object_repr": "Place object", "object_id": "1", "change_message": "", "user": 2, "content_type": 10}}, {"pk": 3, "model": "admin.logentry", "fields": {"action_flag": 1, "action_time": "2013-05-25T15:39:11.308", "object_repr": "Symptom object", "object_id": "1", "change_message": "", "user": 2, "content_type": 12}}, {"pk": 4, "model": "admin.logentry", "fields": {"action_flag": 1, "action_time": "2013-05-25T15:39:24.631", "object_repr": "Symptom object", "object_id": "2", "change_message": "", "user": 2, "content_type": 12}}, {"pk": 5, "model": "admin.logentry", "fields": {"action_flag": 1, "action_time": "2013-05-25T15:39:31.804", "object_repr": "Symptom object", "object_id": "3", "change_message": "", "user": 2, "content_type": 12}}, {"pk": 6, "model": "admin.logentry", "fields": {"action_flag": 1, "action_time": "2013-05-25T15:39:37.243", "object_repr": "Symptom object", "object_id": "4", "change_message": "", "user": 2, "content_type": 12}}, {"pk": 7, "model": "admin.logentry", "fields": {"action_flag": 1, "action_time": "2013-05-25T15:58:27.297", "object_repr": "headache_girl", "object_id": "5", "change_message": "", "user": 2, "content_type": 3}}, {"pk": 8, "model": "admin.logentry", "fields": {"action_flag": 1, "action_time": "2013-05-25T16:00:06.176", "object_repr": "pain", "object_id": "5", "change_message": "", "user": 2, "content_type": 12}}, {"pk": 9, "model": "admin.logentry", "fields": {"action_flag": 1, "action_time": "2013-05-25T16:00:15.891", "object_repr": "headache", "object_id": "6", "change_message": "", "user": 2, "content_type": 12}}, {"pk": 10, "model": "admin.logentry", "fields": {"action_flag": 1, "action_time": "2013-05-25T16:00:26.602", "object_repr": "blurred vision", "object_id": "7", "change_message": "", "user": 2, "content_type": 12}}, {"pk": 11, "model": "admin.logentry", "fields": {"action_flag": 1, "action_time": "2013-05-25T16:00:42.073", "object_repr": "cooking", "object_id": "1", "change_message": "", "user": 2, "content_type": 11}}, {"pk": 12, "model": "admin.logentry", "fields": {"action_flag": 1, "action_time": "2013-05-25T16:05:29.856", "object_repr": "Patient object", "object_id": "1", "change_message": "", "user": 2, "content_type": 9}}, {"pk": 13, "model": "admin.logentry", "fields": {"action_flag": 1, "action_time": "2013-05-25T16:06:07.417", "object_repr": "cycling", "object_id": "2", "change_message": "", "user": 2, "content_type": 11}}, {"pk": 14, "model": "admin.logentry", "fields": {"action_flag": 1, "action_time": "2013-05-25T16:06:22.897", "object_repr": "cats", "object_id": "3", "change_message": "", "user": 2, "content_type": 11}}, {"pk": 15, "model": "admin.logentry", "fields": {"action_flag": 1, "action_time": "2013-05-25T16:06:35.598", "object_repr": "astronomy", "object_id": "4", "change_message": "", "user": 2, "content_type": 11}}, {"pk": 16, "model": "admin.logentry", "fields": {"action_flag": 2, "action_time": "2013-05-25T16:07:21.056", "object_repr": "Patient object", "object_id": "1", "change_message": "Changed name, gender, symptoms, interests, personal_words and favourite_words.", "user": 2, "content_type": 9}}, {"pk": 17, "model": "admin.logentry", "fields": {"action_flag": 2, "action_time": "2013-05-25T16:07:44.313", "object_repr": "Patient object", "object_id": "1", "change_message": "No fields changed.", "user": 2, "content_type": 9}}, {"pk": 18, "model": "admin.logentry", "fields": {"action_flag": 2, "action_time": "2013-05-25T16:07:44.526", "object_repr": "Patient object", "object_id": "1", "change_message": "No fields changed.", "user": 2, "content_type": 9}}, {"pk": 19, "model": "admin.logentry", "fields": {"action_flag": 2, "action_time": "2013-05-25T16:08:14.739", "object_repr": "Patient object", "object_id": "1", "change_message": "No fields changed.", "user": 2, "content_type": 9}}, {"pk": 20, "model": "admin.logentry", "fields": {"action_flag": 1, "action_time": "2013-05-25T16:10:30.933", "object_repr": "Patient object", "object_id": "2", "change_message": "", "user": 2, "content_type": 9}}, {"pk": 21, "model": "admin.logentry", "fields": {"action_flag": 1, "action_time": "2013-05-25T16:13:08.446", "object_repr": "Bob1971", "object_id": "6", "change_message": "", "user": 2, "content_type": 3}}, {"pk": 22, "model": "admin.logentry", "fields": {"action_flag": 1, "action_time": "2013-05-25T16:13:38.199", "object_repr": "Manchester", "object_id": "2", "change_message": "", "user": 2, "content_type": 10}}, {"pk": 23, "model": "admin.logentry", "fields": {"action_flag": 1, "action_time": "2013-05-25T16:15:43.644", "object_repr": "HealthcareLocation object", "object_id": "1", "change_message": "", "user": 2, "content_type": 14}}, {"pk": 24, "model": "admin.logentry", "fields": {"action_flag": 1, "action_time": "2013-05-25T16:15:54.183", "object_repr": "Condition object", "object_id": "1", "change_message": "", "user": 2, "content_type": 15}}, {"pk": 25, "model": "admin.logentry", "fields": {"action_flag": 1, "action_time": "2013-05-25T16:17:05.810", "object_repr": "Condition object", "object_id": "2", "change_message": "", "user": 2, "content_type": 15}}, {"pk": 26, "model": "admin.logentry", "fields": {"action_flag": 1, "action_time": "2013-05-25T16:17:14.516", "object_repr": "Patient object", "object_id": "3", "change_message": "", "user": 2, "content_type": 9}}, {"pk": 27, "model": "admin.logentry", "fields": {"action_flag": 2, "action_time": "2013-05-25T16:22:16.416", "object_repr": "Patient object", "object_id": "3", "change_message": "Changed life_plan.", "user": 2, "content_type": 9}}, {"pk": 28, "model": "admin.logentry", "fields": {"action_flag": 2, "action_time": "2013-05-25T16:24:06.397", "object_repr": "Patient object", "object_id": "3", "change_message": "Changed skills.", "user": 2, "content_type": 9}}, {"pk": 29, "model": "admin.logentry", "fields": {"action_flag": 2, "action_time": "2013-05-25T16:24:08.267", "object_repr": "Patient object", "object_id": "3", "change_message": "Changed skills.", "user": 2, "content_type": 9}}, {"pk": 30, "model": "admin.logentry", "fields": {"action_flag": 1, "action_time": "2013-05-25T16:28:01.524", "object_repr": "Condition object", "object_id": "3", "change_message": "", "user": 2, "content_type": 15}}, {"pk": 31, "model": "admin.logentry", "fields": {"action_flag": 2, "action_time": "2013-05-25T16:33:10.393", "object_repr": "headache_girl", "object_id": "2", "change_message": "Changed personal_words, healthcare_location, primary_condition, other_conditions, life_plan, skills, favourite_things, music, books, films, food, other_things, interets, religion, preocupations and what_im_looking_for.", "user": 1, "content_type": 9}}, {"pk": 32, "model": "admin.logentry", "fields": {"action_flag": 2, "action_time": "2013-05-25T16:36:39.171", "object_repr": "Patient object", "object_id": "3", "change_message": "Changed favourite_words, favourite_things, music, books, films, food, other_things, interets, religion and preocupations.", "user": 2, "content_type": 9}}, {"pk": 33, "model": "admin.logentry", "fields": {"action_flag": 2, "action_time": "2013-05-25T16:36:44.514", "object_repr": "Patient object", "object_id": "3", "change_message": "Changed favourite_words, favourite_things, music, books, films, food, other_things, interets, religion and preocupations.", "user": 2, "content_type": 9}}, {"pk": 34, "model": "admin.logentry", "fields": {"action_flag": 2, "action_time": "2013-05-25T16:37:02.671", "object_repr": "Patient object", "object_id": "3", "change_message": "Changed favourite_words, favourite_things, music, books, films, food, other_things, interets, religion and preocupations.", "user": 2, "content_type": 9}}, {"pk": 35, "model": "admin.logentry", "fields": {"action_flag": 2, "action_time": "2013-05-25T17:06:42.604", "object_repr": "Joe (brokenheart)", "object_id": "1", "change_message": "Changed gender, healthcare_location, primary_condition and other_conditions.", "user": 8, "content_type": 9}}, {"pk": 36, "model": "admin.logentry", "fields": {"action_flag": 2, "action_time": "2013-05-25T17:12:09.459", "object_repr": "Jennifer Yellowhat (headache_girl)", "object_id": "2", "change_message": "Changed symptoms and other_conditions.", "user": 1, "content_type": 9}}, {"pk": 37, "model": "admin.logentry", "fields": {"action_flag": 1, "action_time": "2013-05-25T17:13:01.957", "object_repr": "Alex (alexs)", "object_id": "4", "change_message": "", "user": 1, "content_type": 9}}, {"pk": 38, "model": "admin.logentry", "fields": {"action_flag": 1, "action_time": "2013-05-26T09:54:01.217", "object_repr": "John Radcliffe Hospital", "object_id": "2", "change_message": "", "user": 4, "content_type": 14}}, {"pk": 39, "model": "admin.logentry", "fields": {"action_flag": 1, "action_time": "2013-05-26T09:54:52.516", "object_repr": "Nick Smith (nick)", "object_id": "5", "change_message": "", "user": 4, "content_type": 9}}, {"pk": 40, "model": "admin.logentry", "fields": {"action_flag": 1, "action_time": "2013-05-26T10:18:41.282", "object_repr": "Message object", "object_id": "1", "change_message": "", "user": 1, "content_type": 16}}, {"pk": 41, "model": "admin.logentry", "fields": {"action_flag": 1, "action_time": "2013-05-26T10:18:52.810", "object_repr": "Message object", "object_id": "2", "change_message": "", "user": 1, "content_type": 16}}, {"pk": 42, "model": "admin.logentry", "fields": {"action_flag": 1, "action_time": "2013-05-26T10:23:46.042", "object_repr": "laura -> alexs { osjsoidfj }", "object_id": "3", "change_message": "", "user": 1, "content_type": 16}}, {"pk": 43, "model": "admin.logentry", "fields": {"action_flag": 1, "action_time": "2013-05-26T10:23:54.300", "object_repr": "laura -> alexs { oisdjfoisjfd }", "object_id": "4", "change_message": "", "user": 1, "content_type": 16}}, {"pk": 1, "model": "nhshd.patient", "fields": {"interets": "", "healthcare_location": [1], "photo": null, "locations": [1], "books": "", "other_things": "", "symptoms": [1, 2, 3, 4], "personal_words": "My heart was broken by myocarditis and I know have an ICD. I love cycling but now I have to be really careful which I hate! I am not a careful person. Let's chat.", "life_plan": "", "favourite_words": "I like electro (eg Daftfunk) but have been known to listen to Jazz to (Charlie Parker).\r\nI have recently read Bad Pharma, The Reluctant Fundamentalist, and Never Go Back.\r\nMy favourite ever film is Back to the Future but I also love Die Hard, The Great Escape, and Some Like it Hot.  \r\nI eat Lebanese, Italian, Latvian, Ethiopian", "religion": "", "music": "", "films": "", "interests": [1, 2, 3, 4], "food": "", "preocupations": "", "favourite_things": "", "user": 3, "name": "Joe", "skills": "", "gender": "Tansmale", "age": 26, "what_im_looking_for": "", "other_conditions": [1], "primary_condition": 1}}, {"pk": 2, "model": "nhshd.patient", "fields": {"interets": "I", "healthcare_location": [1], "photo": null, "locations": [1], "books": "E", "other_things": "H", "symptoms": [1, 2, 3, 4, 5], "personal_words": "I am a sister, daughter, mother, cook, friend, and headache sufferer. I was diagnosed with atypical migraine in 1994 after suffering symptoms for many years. \r\n\r\nI also enjoy badgers.", "life_plan": "A", "favourite_words": "I like pop music.", "religion": "J", "music": "D", "films": "D", "interests": [1, 3], "food": "F", "preocupations": "K", "favourite_things": "C", "user": 5, "name": "Jennifer Yellowhat", "skills": "B", "gender": "Female", "age": 56, "what_im_looking_for": "L", "other_conditions": [1, 2, 3], "primary_condition": 1}}, {"pk": 3, "model": "nhshd.patient", "fields": {"interets": "Meeting people with my condition. \r\nSharing tips on how to manage symptoms such as abdominal pain, bloating and diarrhoea. \r\nSharing ideas on alternative remedies. ", "healthcare_location": [1], "photo": null, "locations": [2], "books": "I have read the complete works of Agatha Christie three times over. My favourite is The Body in the Library.", "other_things": "Other things. ", "symptoms": [5], "personal_words": "I have three kids, and spend most of my time running after them! ", "life_plan": "I work as an IT consultant. But in my free time I collect fossils. ", "favourite_words": "Metaphysical, illuminate. ", "religion": "Christian", "music": "I'm into death metal. ", "films": "Films are a waste of life. I never watch TV or films", "interests": [1], "food": "I eat pretty much anything. I have recently discovered the cookbooks of Ottolenghi and am enjoying cooking with sumac and preserved lemons. ", "preocupations": "My children and whether they will suffer with illnesses when they are older. ", "favourite_things": "Things", "user": 6, "name": "Bob Smith", "skills": "I can make a mean chilli con carne.", "gender": "Male", "age": 61, "what_im_looking_for": "sdf", "other_conditions": [2], "primary_condition": 1}}, {"pk": 4, "model": "nhshd.patient", "fields": {"interets": "", "healthcare_location": [1], "photo": null, "locations": [1], "books": "", "other_things": "", "symptoms": [1, 2, 3, 4], "personal_words": "A", "life_plan": "", "favourite_words": "B", "religion": "", "music": "", "films": "", "interests": [1, 2, 3, 4], "food": "", "preocupations": "", "favourite_things": "", "user": 1, "name": "Alex", "skills": "", "gender": "?", "age": 27, "what_im_looking_for": "", "other_conditions": [1, 2, 3], "primary_condition": 1}}, {"pk": 5, "model": "nhshd.patient", "fields": {"interets": "", "healthcare_location": [2], "photo": null, "locations": [2], "books": "", "other_things": "", "symptoms": [4, 7], "personal_words": "I'm suffering, and I want to share my experiences.", "life_plan": "Get a life.", "favourite_words": "'the', 'telemarketing', 'pair', 'bright'", "religion": "", "music": "Delay, Decay, Attack", "films": "", "interests": [1, 2], "food": "", "preocupations": "", "favourite_things": "", "user": 4, "name": "Nick Smith", "skills": "bad commits", "gender": "M", "age": 34, "what_im_looking_for": "", "other_conditions": [3], "primary_condition": 1}}, {"pk": 1, "model": "nhshd.message", "fields": {"read_flag": false, "body": "Derp", "created_at": "2013-05-26T10:18:41.279", "sender": 1, "receiver": 3}}, {"pk": 2, "model": "nhshd.message", "fields": {"read_flag": false, "body": "Derp!", "created_at": "2013-05-26T10:18:52.807", "sender": 3, "receiver": 1}}, {"pk": 3, "model": "nhshd.message", "fields": {"read_flag": false, "body": "osjsoidfj", "created_at": "2013-05-26T10:23:46.039", "sender": 2, "receiver": 1}}, {"pk": 4, "model": "nhshd.message", "fields": {"read_flag": false, "body": "oisdjfoisjfd", "created_at": "2013-05-26T10:23:54.298", "sender": 2, "receiver": 1}}]